Yangquan precipitation,Calm precipitation,Yuxian precipitation,Shouyang precipitation,Xiyang precipitation,Heshun precipitation,Left weighted precipitation,Spring water flow
1,0.961538462,0.340136054,0.281690141,0.338983051,0.170068027,0.113895216,0.333333333
0.961538462,1,0.252525253,0.227790433,0.497512438,0.194552529,0.12195122,0.347222222
0.340136054,0.252525253,1,0.340136054,0.169779287,0.117096019,0.089605735,0.22675737
0.281690141,0.227790433,0.340136054,1,0.17699115,0.138888889,0.10845987,0.157728707
0.338983051,0.497512438,0.169779287,0.17699115,1,0.296735905,0.152671756,0.230946882
0.170068027,0.194552529,0.117096019,0.138888889,0.296735905,1,0.31152648,0.130718954
0.113895216,0.12195122,0.089605735,0.10845987,0.152671756,0.31152648,1,0.091911765
0.333333333,0.347222222,0.22675737,0.157728707,0.230946882,0.130718954,0.091911765,1
